{"cameraMode":{"drawMode":0,"name":"Shaded","section":"Shading Mode"},"sceneLighting":true,"audioPlay":false,"sceneViewState":{"showFog":true,"showMaterialUpdate":false,"showSkybox":true,"showFlares":true,"showImageEffects":true,"showParticleSystems":true},"in2DMode":false,"pivot":{"x":3.124476432800293,"y":0.21483898162841798,"z":-2.615485191345215},"rotation":{"x":-0.061058409512043,"y":0.9374362826347351,"z":-0.21338212490081788,"w":-0.26824405789375307},"size":9.959541320800782,"orthographic":false}