{"cameraMode":{"drawMode":0,"name":"Shaded","section":"Shading Mode"},"sceneLighting":true,"audioPlay":false,"sceneViewState":{"showFog":true,"showMaterialUpdate":false,"showSkybox":true,"showFlares":true,"showImageEffects":true,"showParticleSystems":true},"in2DMode":false,"pivot":{"x":9.702232360839844,"y":-59.919349670410159,"z":22.953956604003908},"rotation":{"x":0.3589833676815033,"y":0.2918204963207245,"z":-0.11921610683202744,"w":0.8785553574562073},"size":104.486572265625,"orthographic":false}