{"cameraMode":{"drawMode":0,"name":"Shaded","section":"Shading Mode"},"sceneLighting":true,"audioPlay":false,"sceneViewState":{"showFog":true,"showMaterialUpdate":false,"showSkybox":true,"showFlares":true,"showImageEffects":true,"showParticleSystems":true},"in2DMode":false,"pivot":{"x":-32.01593017578125,"y":2.2496414184570314,"z":-48.35858154296875},"rotation":{"x":-0.10303391516208649,"y":0.8365646004676819,"z":-0.16860193014144898,"w":-0.5110417008399963},"size":88.87826538085938,"orthographic":false}