{"cameraMode":{"drawMode":0,"name":"Shaded","section":"Shading Mode"},"sceneLighting":true,"audioPlay":false,"sceneViewState":{"showFog":true,"showMaterialUpdate":false,"showSkybox":true,"showFlares":true,"showImageEffects":true,"showParticleSystems":true},"in2DMode":false,"pivot":{"x":-32.33340835571289,"y":-22.57861328125,"z":31.00426483154297},"rotation":{"x":-0.2178981453180313,"y":0.3703129291534424,"z":-0.08976712822914124,"w":-0.8985445499420166},"size":54.482032775878909,"orthographic":false}