{"cameraMode":{"drawMode":0,"name":"Shaded","section":"Shading Mode"},"sceneLighting":false,"audioPlay":false,"sceneViewState":{"showFog":true,"showMaterialUpdate":false,"showSkybox":false,"showFlares":true,"showImageEffects":true,"showParticleSystems":true},"in2DMode":false,"pivot":{"x":6.068018913269043,"y":0.9849944114685059,"z":2.341780424118042},"rotation":{"x":-0.14427576959133149,"y":0.6952299475669861,"z":-0.14554865658283235,"w":-0.6889817118644714},"size":6.157623767852783,"orthographic":false}