{"cameraMode":{"drawMode":0,"name":"Shaded","section":"Shading Mode"},"sceneLighting":true,"audioPlay":false,"sceneViewState":{"showFog":true,"showMaterialUpdate":false,"showSkybox":true,"showFlares":true,"showImageEffects":true,"showParticleSystems":true},"in2DMode":false,"pivot":{"x":-21.1038818359375,"y":-107.70965576171875,"z":37.455963134765628},"rotation":{"x":0.4184415340423584,"y":0.25150975584983828,"z":-0.12175283581018448,"w":0.8642487525939941},"size":222.1029510498047,"orthographic":false}