{"cameraMode":{"drawMode":0,"name":"Shaded","section":"Shading Mode"},"sceneLighting":true,"audioPlay":false,"sceneViewState":{"showFog":true,"showMaterialUpdate":false,"showSkybox":true,"showFlares":true,"showImageEffects":true,"showParticleSystems":true},"in2DMode":false,"pivot":{"x":21.61517333984375,"y":-33.326995849609378,"z":-109.66116333007813},"rotation":{"x":-0.12027907371520996,"y":0.8797622323036194,"z":-0.32302114367485049,"w":-0.3275129795074463},"size":133.94802856445313,"orthographic":false}