{"cameraMode":{"drawMode":0,"name":"Shaded","section":"Shading Mode"},"sceneLighting":true,"audioPlay":false,"sceneViewState":{"showFog":true,"showMaterialUpdate":false,"showSkybox":true,"showFlares":true,"showImageEffects":true,"showParticleSystems":true},"in2DMode":false,"pivot":{"x":-33.637054443359378,"y":-39.776588439941409,"z":-39.78714370727539},"rotation":{"x":-0.12826697528362275,"y":0.8566927909851074,"z":-0.25600486993789675,"w":-0.42913082242012026},"size":132.78952026367188,"orthographic":false}