{"cameraMode":{"drawMode":0,"name":"Shaded","section":"Shading Mode"},"sceneLighting":true,"audioPlay":false,"sceneViewState":{"showFog":true,"showMaterialUpdate":false,"showSkybox":true,"showFlares":true,"showImageEffects":true,"showParticleSystems":true},"in2DMode":false,"pivot":{"x":-0.03169441223144531,"y":3.0904064178466799,"z":-10.646628379821778},"rotation":{"x":-0.1273556798696518,"y":0.7480351328849793,"z":-0.15031884610652924,"w":-0.6337586641311646},"size":12.028282165527344,"orthographic":false}