{"cameraMode":{"drawMode":0,"name":"Shaded","section":"Shading Mode"},"sceneLighting":true,"audioPlay":false,"sceneViewState":{"showFog":true,"showMaterialUpdate":false,"showSkybox":true,"showFlares":true,"showImageEffects":true,"showParticleSystems":true},"in2DMode":false,"pivot":{"x":3.4277191162109377,"y":-25.20191192626953,"z":-12.300434112548829},"rotation":{"x":-0.29870015382766726,"y":0.5480629205703735,"z":-0.21819713711738587,"w":-0.7502444386482239},"size":95.6255874633789,"orthographic":false}