{"cameraMode":{"drawMode":0,"name":"Shaded","section":"Shading Mode"},"sceneLighting":true,"audioPlay":false,"sceneViewState":{"showFog":true,"showMaterialUpdate":false,"showSkybox":true,"showFlares":true,"showImageEffects":true,"showParticleSystems":true},"in2DMode":false,"pivot":{"x":17.295482635498048,"y":-1.0599822998046876,"z":11.162101745605469},"rotation":{"x":-0.2120838463306427,"y":0.7275152802467346,"z":-0.2572441101074219,"w":-0.5996837019920349},"size":42.37844467163086,"orthographic":false}